OTU	CIMDEC_plaque_1_B25	CIMDEC_plaque_1_B8	CIMDEC_plaque_1_B5	CIMDEC_plaque_1_B6	CIMDEC_plaque_1_B1	CIMDEC_plaque_1_B3	CIMDEC_plaque_1_B27	CIMDEC_plaque_1_B9	CIMDEC_plaque_1_B11	CIMDEC_plaque_1_B2	CIMDEC_plaque_1_B7	CIMDEC_plaque_1_B10	CIMDEC_plaque_1_B4	CIMDEC_plaque_1_B31	CIMDEC_plaque_1_B12	CIMDEC_plaque_1_B29
KJ718158.1	58871	57	49	76	37	26	18723	31	39	45	134089	17	1787	10097	15	93
MH860044.1	172421	99	89	13127	154762	96	45343	125	68	156130	75	70	6849	23298	54	232
KX887186.1	2756	5	15	20	23	112523	1013	4	7	37	10	5	380	19475	0	16
JN906978.1	3619	5	1	14	8	3	945	39297	4	9	3	2	5	1534	2	1123
MN944491.1	15588	23	18	150871	11	13	2145	7	11	6	14	10	14	14277	6	30
MW138779.1	6436	6	6	51446	4	5	3301	9	3	4	5	2	11	4780	2	28
MW633475.1	2979	13	14	10	6	8	1095	26891	14	3	11	51	10	3042	8	6539
KF564282.1	5251	18	11	13	14	7	2000	8	146597	17	7	22	20	13761	11	15
MK096312.1	368	0	0	0	0	0	82	0	0	0	0	0	0	0	0	0
GU727560.1	86	0	0	0	0	0	3	0	0	0	0	0	0	0	0	0
MH862886.1	4291	34	16	19	16	10	1411	93	43	11	15	32	19	19331	135517	23
MH866022.1	173	0	0	0	0	0	52	806	0	0	0	0	0	47	0	1
MZ424694.1	325	62893	22	17	9	4	102	10	0	0	15	6	12	11690	0	18
MT586827.1	2991	31	38	38	14	12	941	37	125	21	25	47389	42	25572	25	26
MW031265.1	28	0	0	0	0	0	16	0	0	0	0	0	0	0	0	0
GU237833.1	278	0	3	3	1	1	114	2266	0	0	0	2	0	194	0	3
MH487549.1	808	1	1	1	0	0	15	1	0	0	0	1	0	0	0	1
KJ707062.1	29	0	0	0	0	0	3	60	0	0	0	0	0	5	0	0
MK404325.1	500	0	0	0	0	0	159	1835	0	0	0	0	0	119	0	0
OL989249.1	20	0	0	0	0	0	4	77	0	0	0	0	0	13	0	0
MK817036.1	88	1	11504	2	1	1	72	0	1	1	0	0	2	376	0	1
HM004513.1	88	0	0	0	0	0	0	17	0	0	0	0	0	2	0	0
JN383493.1	43	0	0	0	0	0	4	0	0	1	1	0	0	0	0	0
MW173048.1	71	0	0	0	0	0	26	218	0	0	0	0	0	19	0	0
MW710688.1	58	0	0	0	0	0	7	161	0	0	0	0	0	12	0	0
AB546953.1	84	0	0	0	0	0	1	1	0	0	0	0	0	0	0	0
AY143076.1	678	0	0	0	0	1	167	0	1	0	2	1	0	0	0	0
MW722992.1	205	0	0	0	0	0	85	0	0	0	0	0	0	0	0	0
HE608895.1	42	0	0	0	0	0	6	90	0	0	0	0	0	9	0	0
FJ266483.1	143	0	0	0	0	1	7	19	0	0	0	0	2	4	0	54
MZ150299.1	1207	19	120112	33	5	6	324	9	6	6	6	4	19	8857	6	11
KR232407.1	159	1	1	1	0	0	91	6	4	1	1	1636	1	242	1	3
MG591878.1	99	0	0	0	0	0	72	0	2	0	0	0	0	0	0	0
AF347031.1	522	10	13	22	7	11	349	2721	26	14	10	30	230	242	7	16654
MK953365.1	472	1	0	0	0	0	115	1858	0	0	0	0	0	127	0	0
MN992240.1	9	0	0	0	0	0	1	1	0	0	0	0	0	0	0	0
KU821452.1	263	0	0	0	0	0	37	3320	0	0	0	2	0	64	0	20
KT384413.1	32	0	0	0	0	0	2	0	0	0	0	0	0	0	0	0
MT185530.1	8	0	0	0	0	0	7	0	0	0	0	0	0	0	0	0
MH856435.1	263	1	1	373	1	0	158	0	1	1	1	0	0	37	0	0
AY167436.1	2	0	0	0	0	0	2	0	0	0	0	0	0	0	0	0
MG605063.1	77	0	0	0	0	0	26	0	0	0	0	0	0	0	0	0
U34580.1	131	0	0	0	0	0	52	80	0	0	0	1	0	43	0	0
AY339317.1	11	0	0	0	0	0	9	0	0	0	0	0	0	0	0	1
MT446068.1	151	0	0	0	0	0	32	424	0	0	0	0	0	27	0	0
MT185475.1	187	0	0	0	0	0	67	1221	0	0	0	0	0	96	0	0
AF358233.1	109	0	0	0	0	0	31	356	0	0	0	0	0	28	0	0
MH855943.1	106	6	8	9	12	4	31	905	10	6	6	43	972	180	7	10046
MG696592.1	2	0	0	0	0	0	0	0	0	0	0	0	0	0	0	0
MZ531891.1	1	0	0	0	0	0	1	8	0	0	0	0	0	2	0	3
MK409349.1	1	0	0	0	0	0	0	0	0	0	0	0	0	0	0	0
MW114356.1	114	0	0	0	0	0	44	1	0	0	0	0	0	1	0	0
MN200199.1	121	0	0	0	0	0	49	711	0	0	0	0	1985	274	0	0
KY924929.1	7	0	0	0	0	0	0	0	0	0	0	0	0	0	0	0
KF495033.1	10	0	0	0	0	0	2	0	0	0	0	0	0	0	0	0
JF499850.1	1	0	0	0	0	0	0	0	0	0	0	0	0	0	0	0
JQ948459.1	1	22	0	0	0	0	0	0	0	0	0	0	0	4	0	0
KR859086.1	125	0	0	0	0	0	0	0	0	0	0	0	0	0	0	0
JQ281774.1	6	0	0	0	0	0	3	0	0	0	0	0	0	0	0	0
KX833591.1	2	0	0	0	0	0	0	0	0	0	0	0	0	0	0	0
KT389508.1	12	0	0	0	0	0	0	93	0	0	0	0	0	5	0	0
MH859629.1	45	0	0	0	0	0	16	15	0	0	0	0	0	0	0	0
KJ131184.1	9	0	0	0	0	0	1	0	0	0	0	0	0	0	0	0
KP278161.1	21	0	0	0	0	0	0	0	0	0	0	0	0	0	0	0
MH384910.1	4	0	0	0	0	0	1	19	0	0	0	0	0	2	0	0
MG866025.1	5	0	0	0	0	0	1	0	1	0	0	0	0	0	0	0
MH861018.1	80	0	0	0	0	0	38	408	0	0	0	0	0	28	0	0
MH361212.1	144	0	0	0	0	0	40	444	0	0	0	0	0	33	0	0
LT990655.1	68	0	0	0	0	0	21	314	0	0	0	0	0	25	0	0
GU214638.1	9	0	0	0	0	0	0	1	0	0	0	0	0	0	0	0
EU301056.1	31	0	0	0	0	0	8	0	1	0	0	0	0	0	0	0
KF499365.1	34	0	0	0	1	0	0	0	0	0	0	0	3	0	0	0
KJ710467.1	5	0	0	0	0	0	1	0	0	0	0	0	0	0	0	0
KP004456.1	12	0	0	0	0	0	5	0	0	0	0	0	0	0	0	0
JN383482.1	128	0	0	0	0	1	19	3	0	1	0	0	0	0	0	2
KM265189.1	17	0	0	39	0	0	12	0	0	0	0	0	0	3	0	0
MF952667.1	5	0	0	0	0	0	0	14	0	0	0	0	0	0	0	0
MH018134.1	28	0	0	0	0	0	13	184	0	0	0	0	0	18	0	0
MH858205.1	42	0	0	0	0	0	13	159	0	0	0	5	0	13	0	0
MG826989.1	11	0	0	0	0	0	3	13	0	0	0	0	0	0	0	0
MT441588.1	10	0	0	0	0	0	2	48	0	0	0	0	0	2	0	0
MF795575.1	1	3	0	0	0	0	2	0	0	0	0	2	0	5	0	1487
KY696717.1	2	0	0	0	0	0	0	0	0	0	0	0	0	0	0	0
MF164487.1	58	0	0	0	0	0	30	406	0	0	0	0	0	31	0	0
MT658095.1	4	0	0	1	0	0	0	0	0	0	0	0	0	0	0	0
JN033448.1	3	0	0	0	0	0	0	0	0	0	0	0	2	0	0	0
FJ150872.1	29	0	0	0	0	0	4	40	0	0	0	0	109	17	0	0
KC343056.1	4	0	0	0	0	0	0	0	0	0	0	0	0	0	0	0
GU291797.1	21	0	0	0	0	0	49	0	0	0	0	0	0	0	0	0
KY263783.1	1	0	0	0	0	0	0	0	0	0	0	0	0	0	0	0
MH514027.1	68	0	0	0	0	0	23	0	0	0	0	0	0	0	0	1
KJ490633.1	8	0	0	0	0	0	4	0	0	0	0	0	0	0	0	0
MG971803.1	4	0	0	0	0	0	0	0	0	0	0	0	0	0	0	0
KX037028.1	7	0	0	0	0	0	1	1	0	0	0	0	0	0	0	1
MF962599.1	18	0	0	0	0	0	3	57	0	0	0	0	0	3	0	0
KP859038.1	19	0	0	0	0	0	4	61	0	0	0	0	0	4	0	0
OM778769.1	3	0	0	0	0	0	0	0	0	0	0	0	0	0	0	0
KY242705.1	19	0	0	0	0	0	14	0	0	0	0	0	0	0	0	0
OM189455.1	19	0	0	0	0	0	4	56	0	0	0	0	0	4	0	0
MG736181.1	14	0	0	0	0	0	6	88	0	0	0	0	0	11	0	0
MW766990.1	23	0	0	0	0	0	5	101	0	0	0	0	0	5	0	0
MK096314.1	3	0	0	0	0	0	0	0	0	0	0	0	0	0	0	0
FJ770386.1	10	0	0	0	0	0	4	18	0	0	0	0	0	2	0	0
MK539966.1	4	0	0	0	0	0	1	16	0	0	0	0	0	2	0	0
MG591897.1	3	0	0	0	0	0	2	0	0	0	0	0	0	0	1	0
KR873256.1	17	0	0	0	0	0	8	83	0	0	0	0	0	9	0	0
MT707332.1	28	0	0	0	0	0	0	9	0	0	0	0	0	1	0	0
MH857619.1	12	0	0	0	0	0	0	15	0	0	0	152	0	26	0	0
FJ860793.1	12	0	0	0	0	0	2	30	0	0	0	0	0	4	0	0
MN906214.1	9	0	0	0	0	0	0	0	0	0	0	1	0	0	0	0
MH107884.1	7	241	0	0	0	0	0	0	0	0	0	0	1	28	0	0
KT600411.1	11	0	0	0	0	0	0	77	0	0	1	0	4	2	0	3
MH101502.1	5	0	0	0	0	0	1	0	0	0	0	0	0	0	0	0
HQ847042.1	1	0	0	0	0	0	0	2	0	0	0	0	0	1	0	0
KR859279.1	23	0	0	0	0	0	1	0	0	0	0	0	4	0	0	0
KJ707164.1	3	0	0	0	0	0	0	6	0	0	0	4	0	5	0	0
MW114346.1	1	0	0	0	0	0	0	0	0	0	0	0	0	0	0	0
GQ852842.1	1	0	0	0	0	0	0	0	0	0	0	1	0	0	0	0
KM231823.1	3	0	0	0	0	0	2	13	0	0	0	0	0	3	0	0
AF222850.1	19	0	0	0	0	0	9	210	0	0	0	0	0	20	0	67
MK995628.1	10	0	0	0	0	0	1	0	0	0	0	0	0	0	0	0
GQ303276.2	1	0	0	0	0	0	0	0	0	0	0	0	0	0	0	0
AB035046.1	3	0	0	0	0	0	0	10	0	0	0	0	0	0	0	0
DQ202520.1	3	0	0	0	0	0	0	0	0	0	0	0	0	0	0	0
MT626599.1	1	0	0	0	0	0	0	0	0	0	0	0	0	0	0	0
AY552328.1	7	0	0	0	0	0	0	6	0	0	0	0	0	0	0	0
KJ846807.1	1	4	0	0	0	0	0	0	0	0	0	0	0	3	0	0
MW396857.1	5	0	0	0	0	0	0	6	0	0	0	0	0	3	0	0
MW016616.1	12	0	0	0	0	0	3	316	0	0	0	0	0	3	0	0
MG591901.1	6	0	0	0	0	0	4	0	7	0	0	0	0	3	0	0
MK656244.1	2	0	0	0	0	0	1	0	0	0	0	0	0	0	0	0
KC584220.1	19	0	0	0	0	0	13	0	0	0	0	0	0	0	0	0
MF183941.1	15	0	0	0	0	0	4	61	0	0	0	0	0	6	0	0
MK205289.1	2	0	0	0	0	0	0	0	0	0	0	0	0	0	0	0
JN383490.1	8	0	0	0	0	0	1	0	0	0	0	0	1	0	0	0
MW016393.1	2	0	0	0	0	0	0	6	0	0	0	0	0	1	0	0
KY173420.1	3	0	0	0	0	0	0	2	0	0	0	0	0	0	0	0
KR011352.1	1	0	0	0	0	0	0	0	0	0	0	0	0	0	0	0
AF455494.1	1	0	0	0	0	0	0	11	0	0	0	0	0	2	0	0
DQ368755.1	3	0	0	0	0	0	1	0	0	0	0	0	0	0	0	0
KX833535.1	2	0	0	0	0	0	2	0	0	0	0	0	0	0	0	0
AY787678.2	3	0	0	0	0	0	0	3	0	0	0	3	0	9	0	0
KX887211.1	5	0	0	0	0	0	0	0	0	0	0	0	0	0	0	0
EF600943.1	2	0	0	0	0	2	0	0	0	0	0	0	0	0	0	0
KX858631.1	11	0	0	0	0	0	0	0	0	0	0	0	1	0	0	0
KT598374.1	1	0	0	0	0	0	0	0	0	0	0	0	0	0	0	0
DQ825985.1	8	0	0	0	0	0	0	11	0	0	0	0	0	0	0	0
LT217559.1	3	0	0	0	0	0	0	6	0	0	0	0	0	2	0	0
MG682082.1	7	0	0	0	0	0	6	0	1	0	0	0	0	0	0	0
KU845893.1	16	0	0	0	0	0	4	17	0	0	0	0	0	0	0	0
KX239841.1	19	0	0	0	0	0	28	0	0	0	0	0	1	0	0	0
KY979772.1	6	0	0	0	0	0	4	0	0	0	0	0	0	0	0	0
KY173432.2	20	0	0	0	0	0	1	0	0	0	0	0	5	0	0	0
FJ790287.1	5	0	0	0	0	0	2	2	0	0	0	0	0	0	0	0
OK664738.1	1	0	0	0	0	0	0	1	0	0	0	0	0	0	0	0
JQ044436.1	1	0	0	0	0	0	0	0	0	0	0	0	0	0	0	0
KY979755.1	13	0	0	0	0	0	0	11	0	0	0	0	0	2	0	3
GU237762.1	1	0	0	0	0	0	0	1	0	0	0	0	2	0	0	0
EU196536.1	1	0	0	0	0	0	1	4	0	0	0	0	0	1	0	0
HG779023.1	5	0	0	0	0	0	1	35	0	0	1	0	0	1	0	0
MH864156.1	6	0	0	0	0	0	4	0	0	0	0	0	0	0	0	0
HG931724.1	3	0	0	0	0	0	0	0	0	0	0	0	0	0	0	0
AY743636.1	5	0	0	0	0	0	3	0	2	0	0	3	246	30	0	718
AB179837.1	1	0	0	0	0	0	0	0	0	0	0	0	0	0	0	0
MW724098.1	6	0	0	0	0	0	0	11	0	0	0	0	0	2	0	0
MW202909.1	2	0	0	0	0	0	0	0	0	0	0	0	0	0	0	0
KJ570692.1	3	0	0	0	0	0	0	0	0	0	0	0	0	0	0	0
MG520945.1	1	0	0	0	0	0	0	4	0	0	0	0	0	0	0	0
AF141170.1	2	0	0	0	0	0	1	0	0	0	0	0	0	0	0	0
LR583793.1	7	0	0	0	0	0	4	46	0	0	0	0	0	5	0	0
LM644067.1	1	0	0	0	0	0	0	0	0	0	0	0	259	23	0	0
KP744447.1	4	0	0	0	0	0	1	0	0	0	0	0	0	0	0	0
KJ590728.1	2	0	0	0	0	0	0	0	0	0	0	0	0	0	0	0
AY015439.1	3	0	0	0	0	0	0	3	0	0	0	0	0	0	0	0
KX833588.1	1	0	0	0	0	0	3	1	0	0	0	0	0	0	0	0
HQ630308.1	17	0	0	1	0	0	7	29	0	0	0	0	0	0	0	0
MH013190.1	1	0	0	0	0	0	0	11	0	0	0	0	0	3	0	0
AF284387.1	2	0	0	0	0	0	0	0	0	0	0	0	0	0	0	0
AY236422.1	1	0	0	0	0	0	0	0	0	0	0	0	0	0	0	0
MG865518.1	8	0	0	0	0	0	0	1	0	0	0	0	0	0	0	0
KR909390.1	1	0	0	0	0	0	0	40	0	0	0	0	0	0	0	0
MW045555.1	1	0	0	0	0	0	0	1	0	0	0	0	0	0	0	0
HQ847021.1	2	0	0	0	0	0	0	0	0	0	0	0	0	0	0	0
AF222840.1	1	0	0	0	0	0	0	0	0	0	0	0	0	0	0	0
KT933645.1	3	0	0	0	0	0	1	0	0	0	0	0	0	0	0	4
MF169524.1	1	0	0	0	0	0	0	0	0	0	0	0	0	0	0	0
KC343118.1	3	0	0	0	0	0	0	0	0	0	0	0	0	0	0	0
MT177932.1	1	0	0	0	0	0	0	0	0	0	0	0	0	0	0	0
KC343135.1	3	0	0	0	0	0	2	0	0	0	0	0	0	0	0	0
MH798901.1	2	0	0	0	0	0	0	0	0	0	0	0	0	0	0	0
EU040211.1	1	0	0	0	0	0	0	0	0	0	0	0	0	0	0	0
EF512473.1	1	0	0	0	0	0	0	0	0	0	0	0	0	0	0	0
MW114348.1	2	0	0	0	0	0	2	0	0	0	0	0	0	0	0	0
AB694922.1	1	0	0	0	0	0	0	0	0	0	0	0	1	0	0	0
MF190146.1	2	0	0	0	0	0	0	0	0	0	0	0	0	3	0	0
KY173392.1	1	0	0	0	0	0	0	0	0	0	0	0	0	0	0	0
MT300294.1	1	0	0	0	0	0	1	0	0	0	0	0	0	0	0	0
MH865223.1	5	0	0	0	0	0	1	0	0	0	0	0	0	0	0	0
MT537019.1	2	0	0	0	0	0	0	6	0	0	0	0	0	0	0	0
HQ857111.1	3	0	0	0	0	0	0	1	0	0	0	0	0	0	0	0
MH856898.1	1	0	0	0	0	0	0	0	0	0	0	0	0	0	0	0
MT185512.1	3	0	0	0	0	0	0	0	0	0	0	0	0	0	0	0
KC584209.1	2	0	0	0	0	0	0	0	0	0	0	0	0	0	0	0
KF767353.1	1	0	0	0	0	0	0	0	0	0	0	0	0	0	0	0
MT177265.1	1	0	0	0	0	0	0	6	0	0	0	0	0	0	0	0
KY940797.1	1	0	0	0	0	0	0	0	0	0	0	0	0	0	0	0
MG605066.1	1	0	0	0	0	0	1	0	0	0	0	0	0	0	0	0
MT199882.1	1	0	0	0	0	0	0	7	0	0	0	0	0	1	0	0
KF499360.1	2	0	0	0	0	0	0	0	0	0	0	0	0	0	0	0
KJ490582.1	3	0	0	0	0	0	1	0	0	0	0	0	0	0	0	0
MW298367.1	1	0	0	0	0	0	0	3	0	0	0	0	0	0	0	0
EU280121.1	2	0	0	0	0	0	0	3	0	0	0	0	0	0	0	0
JX977163.1	2	0	0	0	0	0	0	0	0	0	0	0	0	0	0	0
MH656752.1	2	0	0	0	0	0	0	10	0	0	0	0	3	2	0	216
AY624994.1	2	1	0	0	0	0	0	0	0	0	0	1	0	0	0	68
OK664717.1	3	0	0	0	0	0	0	4	0	0	0	0	0	0	0	0
MH864794.1	1	0	0	0	0	0	0	0	0	0	0	0	0	0	0	0
HM991734.1	1	0	0	0	0	0	0	0	0	0	0	0	0	0	0	0
MZ159408.1	9	0	0	0	0	0	1	0	0	0	0	0	0	0	0	0
KT459414.1	3	0	0	0	0	0	1	0	0	0	0	0	0	0	0	0
KP859002.1	1	0	0	0	0	0	1	1	0	0	0	0	0	0	0	0
KY051801.1	1	0	0	0	0	0	0	0	0	0	0	0	0	0	0	0
LR583738.1	4	0	0	0	0	0	1	13	0	0	0	0	0	1	0	0
MW412405.1	1	0	0	0	0	0	0	0	0	0	0	0	0	0	0	0
KY752809.1	1	0	0	0	0	0	0	0	0	0	0	0	0	0	0	0
EU514295.1	2	0	0	0	0	0	2	0	0	0	0	0	0	0	0	0
MT373373.1	1	0	0	0	0	0	0	0	0	0	0	0	0	0	0	0
KX833586.1	2	0	0	0	0	0	0	0	0	0	0	0	0	0	0	0
AY618232.1	3	0	0	0	0	0	0	160	0	0	0	0	0	3	0	0
KU940129.1	1	0	0	0	0	0	0	0	0	0	0	0	0	0	0	0
MG866027.1	2	0	0	0	0	0	1	0	0	0	0	0	0	0	0	0
KX833595.1	2	0	0	0	0	0	2	0	0	0	0	0	0	0	2	0
KC851949.1	1	0	0	0	0	0	0	0	0	0	0	0	0	0	0	0
MK442607.1	1	0	0	0	0	0	0	0	0	0	0	0	0	0	0	58
KJ707106.1	4	0	0	0	0	0	0	10	0	0	0	0	0	0	0	0
MW144762.1	1	0	0	0	0	0	1	0	1	0	0	0	0	0	0	0
FJ889450.1	1	0	0	0	0	0	0	0	0	0	0	0	0	0	0	0
MK953363.1	1	0	0	0	0	0	1	24	0	0	0	0	0	1	0	0
FJ430779.1	1	0	0	0	0	0	0	0	0	0	0	0	0	0	0	0
MH298851.1	1	0	0	0	0	0	1	0	0	0	0	0	0	1	0	0
EF512480.1	1	0	0	0	0	0	0	0	0	0	0	0	0	0	0	0
MH414899.1	1	0	0	0	0	0	0	0	0	0	0	0	0	0	0	0
KY051852.1	1	0	0	0	0	0	1	0	0	0	0	0	0	0	0	0
MK573877.1	1	0	0	0	0	0	3	0	0	0	0	0	0	0	0	0
KJ869133.1	1	0	0	0	0	0	0	0	0	0	0	0	0	0	0	0
AF444406.1	2	0	0	0	0	0	0	15	0	0	0	0	0	0	0	0
KF859928.1	1	0	0	0	0	0	0	0	0	0	0	0	0	0	0	0
MH411093.1	1	0	0	0	0	0	0	0	0	0	0	0	0	0	0	0
MH858111.1	3	0	0	0	0	0	0	0	0	0	0	0	0	0	0	0
MG747467.1	2	0	0	0	0	0	0	0	0	0	0	0	0	0	0	0
MH231815.1	1	0	0	0	0	0	0	0	0	0	0	0	0	0	0	0
FJ427003.1	2	0	0	0	0	0	0	12	0	0	0	0	0	1	0	0
KT389511.1	4	0	0	0	0	0	0	5	0	0	0	0	0	1	0	0
MH554112.1	3	0	0	0	0	0	0	22	0	0	0	0	0	1	0	0
MG975777.1	1	0	0	0	0	0	0	0	0	0	0	0	0	0	0	0
AF444407.1	1	0	0	0	0	0	0	2	0	0	0	0	0	1	0	0
KP814376.1	1	0	0	0	0	0	0	1	0	0	0	0	0	0	0	0
MK047439.1	2	0	0	0	0	0	1	0	0	0	0	0	0	0	0	0
MW016403.1	1	0	0	0	0	0	0	25	0	0	0	0	0	0	0	0
MN172414.1	2	0	0	0	0	0	0	0	0	0	0	0	0	0	0	0
KP170657.1	1	0	0	0	0	0	0	0	0	0	0	0	0	0	0	0
KY085926.1	1	0	0	0	0	0	0	0	0	0	0	0	0	0	0	0
KR909429.1	6	0	0	0	0	0	3	26	0	0	0	0	0	4	0	0
GQ303294.1	1	0	0	0	0	0	0	0	0	0	0	0	0	0	0	0
MK478468.1	1	0	0	0	0	0	0	0	0	0	0	0	0	0	0	0
MT741707.1	1	0	0	0	0	0	0	2	0	0	0	0	0	2	0	0
KU712439.1	1	0	0	0	0	0	0	0	0	0	0	0	0	0	0	0
KF730818.1	1	0	0	0	0	0	0	0	0	0	0	0	0	0	0	0
HF548705.1	1	0	0	0	0	0	0	12	0	0	0	0	0	0	0	0
MH414905.1	2	0	0	0	0	0	0	0	0	0	0	0	0	0	0	0
MH321794.1	1	0	0	0	0	0	0	1	0	0	0	0	0	0	0	0
KX986764.1	1	0	0	0	0	0	4	0	0	0	0	0	0	0	0	0
MK953352.1	1	0	0	0	0	0	0	2	0	0	0	0	0	0	0	0
MH327805.1	2	0	0	0	0	0	0	0	0	0	0	0	1	0	0	0
KC343008.1	1	0	1	0	0	0	2	0	0	0	0	0	0	0	0	0
KM231748.1	1	0	0	0	0	0	0	0	0	0	0	0	0	0	0	0
MN562147.1	1	0	0	0	0	0	0	0	0	0	0	0	0	0	0	0
AB926073.1	1	0	0	0	0	0	1	0	0	0	0	0	0	0	0	0
MK432798.1	2	0	0	0	0	0	0	0	0	0	0	0	0	0	0	0
AF141163.1	1	0	0	0	0	0	0	0	0	0	0	0	0	0	0	0
FJ357317.1	1	0	0	0	0	0	0	0	0	0	0	0	0	0	0	0
MK069419.1	1	0	0	0	0	0	0	0	0	0	0	0	0	0	0	0
MH595928.1	1	0	0	0	0	0	0	0	0	0	0	0	0	0	0	0
MK794327.1	1	0	0	0	0	0	0	0	0	0	0	0	0	0	0	0
EF512470.1	1	0	0	0	0	0	0	0	0	0	0	0	0	0	0	0
KU821458.1	1	0	0	0	0	0	3	0	0	0	0	0	0	0	0	0
MN244198.1	1	0	0	0	0	0	0	1	0	0	0	0	0	1	0	1
AY364838.1	1	0	0	0	0	0	0	5	0	0	0	2	0	2	0	0
FJ426989.1	1	0	0	0	0	0	0	1	0	0	0	0	0	0	0	0
KF251261.1	2	0	0	0	0	0	0	7	0	0	0	0	0	0	0	0
ON130635.1	1	0	0	0	0	0	0	0	0	0	0	0	0	0	0	0
KU728517.1	1	0	0	0	0	0	0	0	0	0	0	0	0	0	0	0
KX228270.1	1	0	0	0	0	0	0	0	0	0	0	0	0	0	0	0
MN973459.1	1	0	0	0	0	0	0	0	0	0	0	0	0	0	0	0
KP896056.1	1	0	0	0	0	0	3	0	0	0	0	0	0	0	0	0
AF178393.1	1	0	0	0	0	0	0	17	0	0	0	0	0	0	0	0
MN688823.1	1	0	0	0	0	0	0	0	0	0	0	0	0	0	0	0
KC343164.1	1	0	0	0	0	0	0	0	0	0	0	0	0	0	0	0
MH862427.1	1	0	0	0	0	0	0	0	0	0	0	0	0	0	0	0
MH753702.1	1	0	0	0	0	0	0	1	0	0	0	0	0	0	0	0
MW793963.1	1	0	0	0	0	0	0	0	0	0	0	0	0	0	0	7
EU153512.1	0	20	0	0	0	0	0	0	0	0	0	0	0	2	0	0
MK809454.1	0	10	0	0	0	1	0	0	0	0	0	2	2	3	0	1261
AB871751.1	0	7	0	0	0	0	0	0	0	0	0	0	0	0	0	0
MT462296.1	0	17	0	0	1	0	0	0	0	0	0	0	0	0	0	285
KU850565.1	0	1	0	3	0	1	2	0	2	2	0	2	4	2	1	1886
KC848278.1	0	1	0	0	0	0	0	0	0	0	0	0	0	1	0	0
JX310445.1	0	1	0	0	0	0	0	0	0	1	1	0	0	0	0	471
JQ948457.1	0	2	0	0	0	0	0	0	0	0	0	0	0	4	0	0
HQ435870.1	0	2	0	0	0	0	0	0	0	0	0	0	1	0	0	0
MK733257.1	0	0	6	0	0	0	0	0	0	0	0	0	0	0	0	0
MT385947.1	0	0	47	0	0	0	0	0	0	0	0	0	0	0	0	0
DQ780364.1	0	0	1	1	2	3	0	0	0	1	1	0	7107	999	1	0
FR748036.1	0	0	2	0	0	0	0	0	0	0	0	0	0	0	0	0
OL614712.1	0	0	1	0	0	0	0	0	0	0	0	0	671	66	0	0
MH305526.1	0	0	1	0	0	0	0	0	0	0	0	0	0	0	0	0
KR870853.1	0	0	1	0	0	0	2	0	0	0	0	0	0	0	0	0
EU167597.1	0	0	1	0	0	0	0	0	0	0	0	0	0	0	0	0
MK539998.1	0	0	0	1	0	0	0	0	0	0	0	0	0	0	0	515
MN784447.1	0	0	0	1	0	1	1	0	0	0	0	0	1	0	0	473
KF251253.1	0	0	0	1	0	0	0	1	0	0	0	0	197	18	0	0
JQ936290.1	0	0	0	0	1	1	0	0	1	0	1	0	0	0	0	32
MK736987.1	0	0	0	0	1	0	0	0	0	0	0	0	0	0	0	3
KU728502.1	0	0	0	0	1	0	1	0	0	0	0	0	0	1	1	988
KX887280.1	0	0	0	0	0	2	0	0	0	0	0	0	0	1	0	0
MK329123.1	0	0	0	0	0	0	1	0	0	0	0	0	0	0	0	0
JQ685518.1	0	0	0	0	0	0	2	0	0	0	0	0	0	0	0	0
MW732248.1	0	0	0	0	0	0	1	5	0	0	0	0	0	0	0	0
MH392087.1	0	0	0	0	0	0	1	0	0	0	0	0	0	0	0	0
KX228274.1	0	0	0	0	0	0	1	0	0	0	0	0	0	0	0	0
JF704194.1	0	0	0	0	0	0	3	0	0	0	0	0	0	0	0	0
JQ005767.1	0	0	0	0	0	0	6	0	0	0	0	0	0	0	0	0
JQ926266.1	0	0	0	0	0	0	1	0	0	0	0	0	0	0	0	0
EF652066.1	0	0	0	0	0	0	1	0	0	0	0	0	0	0	1	413
AF229457.1	0	0	0	0	0	0	2	0	0	0	0	0	0	0	0	0
MT185549.1	0	0	0	0	0	0	1	0	0	0	0	0	0	0	0	3
KM235691.1	0	0	0	0	0	0	2	0	0	0	1	2	1	2	1	1153
KJ490587.1	0	0	0	0	0	0	2	0	0	0	0	0	0	0	0	0
MH858565.1	0	0	0	0	0	0	1	0	0	0	0	0	0	0	0	0
FJ860788.1	0	0	0	0	0	0	1	1	0	0	0	0	0	0	0	0
KM669931.1	0	0	0	0	0	0	1	0	0	0	0	0	0	0	0	0
LT837470.1	0	0	0	0	0	0	1	0	0	0	0	0	0	0	0	1
MH171064.1	0	0	0	0	0	0	2	0	0	0	0	0	0	0	0	0
KR859213.1	0	0	0	0	0	0	1	0	0	0	0	0	0	0	0	0
MN818665.1	0	0	0	0	0	0	1	0	0	0	0	0	0	0	0	0
DQ323697.1	0	0	0	0	0	0	1	9	0	0	0	0	0	0	0	0
KY051832.1	0	0	0	0	0	0	2	0	0	0	0	0	0	0	0	0
KF251229.1	0	0	0	0	0	0	1	0	0	0	0	0	0	0	0	0
KY929338.1	0	0	0	0	0	0	1	0	0	0	0	0	0	0	0	0
MG520952.1	0	0	0	0	0	0	1	1	0	0	0	0	1	0	0	741
AF393726.2	0	0	0	0	0	0	1	0	0	0	0	0	0	0	0	0
MN263600.1	0	0	0	0	0	0	1	0	0	0	0	0	0	0	0	0
KX525686.1	0	0	0	0	0	0	1	4	0	0	0	0	0	0	0	0
MW191781.1	0	0	0	0	0	0	1	0	0	0	0	0	0	0	0	0
JQ862765.1	0	0	0	0	0	0	1	0	0	0	0	0	0	0	0	0
AF444354.1	0	0	0	0	0	0	0	3	0	0	0	0	0	3	0	0
MH484005.1	0	0	0	0	0	0	0	5	0	0	0	0	0	0	0	0
KY703619.1	0	0	0	0	0	0	0	12	0	0	0	0	0	3	0	3
HQ897830.1	0	0	0	0	0	0	0	14	0	0	0	0	0	4	0	0
KP965485.1	0	0	0	0	0	0	0	5	0	0	0	0	0	1	0	0
MH859510.1	0	0	0	0	0	0	0	1	0	0	0	0	0	0	0	0
GU237794.1	0	0	0	0	0	0	0	51	0	0	0	0	0	3	0	0
OM959577.1	0	0	0	0	0	0	0	60	0	0	0	0	0	1	0	0
MN082417.1	0	0	0	0	0	0	0	17	0	0	0	0	0	1	0	0
MN215703.1	0	0	0	0	0	0	0	1	0	0	0	0	0	0	0	0
MW016559.1	0	0	0	0	0	0	0	5	0	0	0	0	0	0	0	0
KJ869114.1	0	0	0	0	0	0	0	7	0	0	0	0	0	0	0	0
AJ301940.1	0	0	0	0	0	0	0	1	0	0	0	0	0	0	0	0
GU237890.1	0	0	0	0	0	0	0	4	0	0	0	0	0	1	0	1
JQ828908.1	0	0	0	0	0	0	0	1	0	0	0	0	0	0	0	0
KX228265.1	0	0	0	0	0	0	0	2	0	0	0	0	0	0	0	0
MN973540.1	0	0	0	0	0	0	0	2	0	0	0	0	0	0	0	0
AF314985.1	0	0	0	0	0	0	0	9	0	0	0	0	0	0	0	0
KX017208.1	0	0	0	0	0	0	0	9	0	0	0	0	0	0	0	0
MH740898.1	0	0	0	0	0	0	0	3	0	0	0	0	0	0	0	0
LC507463.1	0	0	0	0	0	0	0	1	0	0	0	0	0	0	0	0
FJ427049.1	0	0	0	0	0	0	0	19	0	0	0	0	0	2	0	6
MH861763.1	0	0	0	0	0	0	0	1	0	0	0	0	0	0	0	0
MK256970.1	0	0	0	0	0	0	0	3	0	0	0	0	0	0	0	0
MZ509541.1	0	0	0	0	0	0	0	11	0	0	0	0	0	0	0	0
MZ997381.1	0	0	0	0	0	0	0	7	0	0	0	0	0	1	0	0
AF439496.1	0	0	0	0	0	0	0	1	0	0	0	0	0	0	0	0
KF251179.1	0	0	0	0	0	0	0	3	0	0	0	0	5	1	0	0
MG520948.1	0	0	0	0	0	0	0	3	0	0	0	0	0	0	0	0
AY220610.1	0	0	0	0	0	0	0	1	0	0	0	0	0	0	0	0
MG828956.1	0	0	0	0	0	0	0	2	0	0	0	0	1	0	0	0
MH864418.1	0	0	0	0	0	0	0	1	0	0	0	0	0	0	0	0
KR873249.1	0	0	0	0	0	0	0	1	0	0	0	0	0	0	0	0
AF229488.1	0	0	0	0	0	0	0	1	0	0	0	0	0	0	0	0
AB594795.1	0	0	0	0	0	0	0	1	0	0	0	0	0	0	0	0
MW723619.1	0	0	0	0	0	0	0	4	0	0	0	0	0	0	0	1
JX118740.1	0	0	0	0	0	0	0	1	0	0	0	0	0	0	0	0
KY090653.1	0	0	0	0	0	0	0	2	0	0	0	0	0	0	0	0
KY285005.1	0	0	0	0	0	0	0	2	0	0	0	0	0	0	0	0
HM562164.1	0	0	0	0	0	0	0	1	0	0	0	0	0	0	0	0
HQ897820.1	0	0	0	0	0	0	0	1	0	0	0	0	0	0	0	0
MW114318.1	0	0	0	0	0	0	0	1	0	0	0	0	0	0	0	0
MK953252.1	0	0	0	0	0	0	0	1	0	0	0	0	0	0	0	0
KM376396.1	0	0	0	0	0	0	0	2	0	0	0	0	0	0	0	0
JF499847.1	0	0	0	0	0	0	0	1	0	0	0	0	0	0	0	0
HM629960.1	0	0	0	0	0	0	0	1	0	0	0	0	0	0	0	0
KC992967.1	0	0	0	0	0	0	0	6	0	0	0	0	0	3	0	0
U34582.1	0	0	0	0	0	0	0	3	0	0	0	0	0	1	0	0
AJ427403.1	0	0	0	0	0	0	0	1	0	0	0	0	0	0	0	0
EU434836.1	0	0	0	0	0	0	0	1	0	0	0	0	0	0	0	0
MT215495.1	0	0	0	0	0	0	0	2	0	0	0	0	0	0	0	0
JF907839.1	0	0	0	0	0	0	0	1	0	0	0	0	0	0	0	0
MF511131.1	0	0	0	0	0	0	0	2	0	0	0	0	0	0	0	0
KC291747.1	0	0	0	0	0	0	0	1	0	0	0	0	0	0	0	0
KY568986.1	0	0	0	0	0	0	0	3	0	0	0	0	0	0	0	0
HE792942.1	0	0	0	0	0	0	0	1	0	0	0	0	1	0	0	2
JN995638.1	0	0	0	0	0	0	0	2	0	0	0	0	0	0	0	0
MH862963.1	0	0	0	0	0	0	0	1	0	0	0	0	0	0	0	0
KP004452.1	0	0	0	0	0	0	0	1	0	0	0	0	0	0	0	0
KU845983.1	0	0	0	0	0	0	0	1	0	0	0	0	0	0	0	0
MK539965.1	0	0	0	0	0	0	0	3	0	0	0	0	0	0	0	0
MT371091.1	0	0	0	0	0	0	0	1	0	0	0	0	1	0	0	0
KP859009.1	0	0	0	0	0	0	0	1	0	0	0	0	0	1	0	0
MT026475.1	0	0	0	0	0	0	0	1	0	0	0	0	0	0	0	0
MH498520.2	0	0	0	0	0	0	0	1	0	0	0	0	0	0	0	0
MH554131.1	0	0	0	0	0	0	0	3	0	0	0	0	0	0	0	0
KU846452.1	0	0	0	0	0	0	0	1	0	0	0	0	0	0	0	0
MK560161.1	0	0	0	0	0	0	0	3	0	0	0	0	0	0	0	0
KT217364.1	0	0	0	0	0	0	0	1	0	0	0	0	0	0	0	0
KU847246.1	0	0	0	0	0	0	0	2	0	0	0	0	0	0	0	0
MK539957.1	0	0	0	0	0	0	0	1	0	0	0	0	0	0	0	0
KP859015.1	0	0	0	0	0	0	0	1	0	0	0	0	0	0	0	0
MN265834.1	0	0	0	0	0	0	0	1	0	0	0	0	0	1	0	0
MW709918.1	0	0	0	0	0	0	0	1	0	0	0	16	0	2	0	0
JX205092.1	0	0	0	0	0	0	0	1	0	0	0	0	1	0	0	0
GU237792.1	0	0	0	0	0	0	0	1	0	0	0	0	0	0	0	0
AY677291.1	0	0	0	0	0	0	0	1	0	0	0	0	0	0	0	0
MN475152.1	0	0	0	0	0	0	0	1	0	0	0	3	0	0	0	0
KU355364.1	0	0	0	0	0	0	0	1	0	0	0	0	0	0	0	0
MZ343574.1	0	0	0	0	0	0	0	2	0	0	0	0	0	0	0	0
HM245331.1	0	0	0	0	0	0	0	1	0	0	0	0	0	0	0	0
KX986135.1	0	0	0	0	0	0	0	1	0	0	0	0	0	0	0	0
MN897829.1	0	0	0	0	0	0	0	1	0	0	0	0	0	0	0	0
JF740221.1	0	0	0	0	0	0	0	1	0	0	0	0	0	0	0	0
MW477883.1	0	0	0	0	0	0	0	1	0	0	0	0	0	0	0	0
MG828928.1	0	0	0	0	0	0	0	1	0	0	0	0	0	0	0	0
MF434196.1	0	0	0	0	0	0	0	1	0	0	0	0	0	0	0	0
KT389526.1	0	0	0	0	0	0	0	1	0	0	0	0	0	0	0	0
KU604037.1	0	0	0	0	0	0	0	1	0	0	0	0	0	0	0	0
MG828953.1	0	0	0	0	0	0	0	0	1	0	0	0	0	1	0	586
KU850546.1	0	0	0	0	0	0	0	0	0	0	1	0	0	0	0	54
JN601032.1	0	0	0	0	0	0	0	0	0	0	1	0	0	0	0	0
MH862301.1	0	0	0	0	0	0	0	0	0	0	0	7	0	4	0	0
MW862356.1	0	0	0	0	0	0	0	0	0	0	0	16	0	5	0	0
MZ063054.1	0	0	0	0	0	0	0	0	0	0	0	10	0	7	0	0
KT711014.1	0	0	0	0	0	0	0	0	0	0	0	1	11	1	0	0
MH862528.1	0	0	0	0	0	0	0	0	0	0	0	10	0	0	0	0
L76482.1	0	0	0	0	0	0	0	0	0	0	0	5	0	0	0	0
AF444441.1	0	0	0	0	0	0	0	0	0	0	0	1	0	0	0	1
MK346145.1	0	0	0	0	0	0	0	0	0	0	0	8	0	0	0	0
KC585397.1	0	0	0	0	0	0	0	0	0	0	0	1	3	0	0	0
KX578073.1	0	0	0	0	0	0	0	0	0	0	0	1	0	1	0	0
AB809634.1	0	0	0	0	0	0	0	0	0	0	0	1	0	0	0	204
LR993310.1	0	0	0	0	0	0	0	0	0	0	0	0	971	84	0	0
AF492089.1	0	0	0	0	0	0	0	0	0	0	0	0	115	12	0	0
AB025686.1	0	0	0	0	0	0	0	0	0	0	0	0	166	16	0	0
MK050390.1	0	0	0	0	0	0	0	0	0	0	0	0	40	2	0	0
MG590083.1	0	0	0	0	0	0	0	0	0	0	0	0	303	31	0	0
KT215271.1	0	0	0	0	0	0	0	0	0	0	0	0	295	23	0	0
HQ643127.1	0	0	0	0	0	0	0	0	0	0	0	0	63	0	0	0
KF251641.1	0	0	0	0	0	0	0	0	0	0	0	0	15	0	0	0
MZ668718.1	0	0	0	0	0	0	0	0	0	0	0	0	287	34	0	0
MW015778.1	0	0	0	0	0	0	0	0	0	0	0	0	26	5	0	253
KC193586.1	0	0	0	0	0	0	0	0	0	0	0	0	162	19	0	0
KF573010.1	0	0	0	0	0	0	0	0	0	0	0	0	26	2	0	3
MN148706.1	0	0	0	0	0	0	0	0	0	0	0	0	24	4	0	0
KP322984.1	0	0	0	0	0	0	0	0	0	0	0	0	5	1	0	0
MN756639.1	0	0	0	0	0	0	0	0	0	0	0	0	25	4	0	0
KX081106.1	0	0	0	0	0	0	0	0	0	0	0	0	9	0	0	0
KJ410708.1	0	0	0	0	0	0	0	0	0	0	0	0	5	0	0	0
HQ728295.1	0	0	0	0	0	0	0	0	0	0	0	0	27	3	0	0
KP413162.1	0	0	0	0	0	0	0	0	0	0	0	0	4	2	0	0
MK442615.1	0	0	0	0	0	0	0	0	0	0	0	0	15	2	0	0
MK050389.1	0	0	0	0	0	0	0	0	0	0	0	0	24	4	0	0
AB255605.1	0	0	0	0	0	0	0	0	0	0	0	0	31	3	0	0
AY373923.1	0	0	0	0	0	0	0	0	0	0	0	0	6	0	0	0
KC017758.1	0	0	0	0	0	0	0	0	0	0	0	0	1	0	0	0
MK874988.1	0	0	0	0	0	0	0	0	0	0	0	0	8	0	0	0
HQ153420.1	0	0	0	0	0	0	0	0	0	0	0	0	9	1	0	0
AF362059.1	0	0	0	0	0	0	0	0	0	0	0	0	3	0	0	0
KJ140542.1	0	0	0	0	0	0	0	0	0	0	0	0	3	0	0	0
JN943663.1	0	0	0	0	0	0	0	0	0	0	0	0	1	0	0	0
KF251167.1	0	0	0	0	0	0	0	0	0	0	0	0	1	0	0	0
KY103128.1	0	0	0	0	0	0	0	0	0	0	0	0	2	2	0	0
KX765265.1	0	0	0	0	0	0	0	0	0	0	0	0	5	0	0	0
MT321796.1	0	0	0	0	0	0	0	0	0	0	0	0	2	0	0	0
AJ244251.1	0	0	0	0	0	0	0	0	0	0	0	0	1	1	0	0
MH023389.1	0	0	0	0	0	0	0	0	0	0	0	0	7	0	0	0
EU167604.1	0	0	0	0	0	0	0	0	0	0	0	0	8	1	0	0
MH857438.1	0	0	0	0	0	0	0	0	0	0	0	0	1	1	0	0
KC543139.1	0	0	0	0	0	0	0	0	0	0	0	0	1	0	0	3
MK539972.1	0	0	0	0	0	0	0	0	0	0	0	0	1	0	0	0
KX306761.1	0	0	0	0	0	0	0	0	0	0	0	0	4	0	0	0
MF434195.1	0	0	0	0	0	0	0	0	0	0	0	0	1	0	0	0
OM400545.1	0	0	0	0	0	0	0	0	0	0	0	0	7	0	0	0
MK764884.1	0	0	0	0	0	0	0	0	0	0	0	0	2	0	0	0
LT158447.1	0	0	0	0	0	0	0	0	0	0	0	0	3	0	0	0
KC595890.1	0	0	0	0	0	0	0	0	0	0	0	0	3	0	0	0
MK426809.1	0	0	0	0	0	0	0	0	0	0	0	0	1	0	0	0
AF422960.1	0	0	0	0	0	0	0	0	0	0	0	0	1	0	0	0
JX141453.1	0	0	0	0	0	0	0	0	0	0	0	0	1	0	0	0
KJ410706.1	0	0	0	0	0	0	0	0	0	0	0	0	2	0	0	0
EU030177.1	0	0	0	0	0	0	0	0	0	0	0	0	1	0	0	0
KP134997.1	0	0	0	0	0	0	0	0	0	0	0	0	1	0	0	0
MK050394.1	0	0	0	0	0	0	0	0	0	0	0	0	1	0	0	0
MF472945.1	0	0	0	0	0	0	0	0	0	0	0	0	1	0	0	0
KX306768.1	0	0	0	0	0	0	0	0	0	0	0	0	1	0	0	0
MZ636965.1	0	0	0	0	0	0	0	0	0	0	0	0	0	1	0	0
MT231699.1	0	0	0	0	0	0	0	0	0	0	0	0	0	1	0	0
KC343220.1	0	0	0	0	0	0	0	0	0	0	0	0	0	1	0	0
MH864738.1	0	0	0	0	0	0	0	0	0	0	0	0	0	1	0	0
JN649340.1	0	0	0	0	0	0	0	0	0	0	0	0	0	1	0	0
AY487079.1	0	0	0	0	0	0	0	0	0	0	0	0	0	1	0	0
KP271443.1	0	0	0	0	0	0	0	0	0	0	0	0	0	1	0	0
KY979758.1	0	0	0	0	0	0	0	0	0	0	0	0	0	1	0	0
KY984324.1	0	0	0	0	0	0	0	0	0	0	0	0	0	0	0	459
AY669617.1	0	0	0	0	0	0	0	0	0	0	0	0	0	0	0	2
JN164989.1	0	0	0	0	0	0	0	0	0	0	0	0	0	0	0	21
JN710601.1	0	0	0	0	0	0	0	0	0	0	0	0	0	0	0	5
MT310596.1	0	0	0	0	0	0	0	0	0	0	0	0	0	0	0	52
AF013231.1	0	0	0	0	0	0	0	0	0	0	0	0	0	0	0	8
JN048778.1	0	0	0	0	0	0	0	0	0	0	0	0	0	0	0	8
MW937876.1	0	0	0	0	0	0	0	0	0	0	0	0	0	0	0	1
AJ244245.1	0	0	0	0	0	0	0	0	0	0	0	0	0	0	0	31
GU234143.1	0	0	0	0	0	0	0	0	0	0	0	0	0	0	0	37
JF961347.1	0	0	0	0	0	0	0	0	0	0	0	0	0	0	0	29
KU728512.1	0	0	0	0	0	0	0	0	0	0	0	0	0	0	0	50
MF319055.1	0	0	0	0	0	0	0	0	0	0	0	0	0	0	0	46
FJ403210.1	0	0	0	0	0	0	0	0	0	0	0	0	0	0	0	38
JQ700296.1	0	0	0	0	0	0	0	0	0	0	0	0	0	0	0	5
MG828898.1	0	0	0	0	0	0	0	0	0	0	0	0	0	0	0	2
MW175365.1	0	0	0	0	0	0	0	0	0	0	0	0	0	0	0	4
KY264029.1	0	0	0	0	0	0	0	0	0	0	0	0	0	0	0	2
MT028350.1	0	0	0	0	0	0	0	0	0	0	0	0	0	0	0	7
KC505574.1	0	0	0	0	0	0	0	0	0	0	0	0	0	0	0	38
MK119762.1	0	0	0	0	0	0	0	0	0	0	0	0	0	0	0	1
MH860323.1	0	0	0	0	0	0	0	0	0	0	0	0	0	0	0	4
MH862040.1	0	0	0	0	0	0	0	0	0	0	0	0	0	0	0	2
KP814546.1	0	0	0	0	0	0	0	0	0	0	0	0	0	0	0	16
MT981409.1	0	0	0	0	0	0	0	0	0	0	0	0	0	0	0	14
OK138912.1	0	0	0	0	0	0	0	0	0	0	0	0	0	0	0	8
MH861814.1	0	0	0	0	0	0	0	0	0	0	0	0	0	0	0	1
MT799859.1	0	0	0	0	0	0	0	0	0	0	0	0	0	0	0	6
MZ474647.1	0	0	0	0	0	0	0	0	0	0	0	0	0	0	0	2
KC867352.1	0	0	0	0	0	0	0	0	0	0	0	0	0	0	0	1
MN250195.1	0	0	0	0	0	0	0	0	0	0	0	0	0	0	0	1
KF860882.1	0	0	0	0	0	0	0	0	0	0	0	0	0	0	0	1
OM100765.1	0	0	0	0	0	0	0	0	0	0	0	0	0	0	0	2
FM872464.1	0	0	0	0	0	0	0	0	0	0	0	0	0	0	0	1
MW644574.1	0	0	0	0	0	0	0	0	0	0	0	0	0	0	0	4
KX228294.1	0	0	0	0	0	0	0	0	0	0	0	0	0	0	0	3
MW205691.1	0	0	0	0	0	0	0	0	0	0	0	0	0	0	0	3
JN649366.1	0	0	0	0	0	0	0	0	0	0	0	0	0	0	0	2
JX089579.1	0	0	0	0	0	0	0	0	0	0	0	0	0	0	0	7
HF934949.1	0	0	0	0	0	0	0	0	0	0	0	0	0	0	0	1
MF039251.1	0	0	0	0	0	0	0	0	0	0	0	0	0	0	0	1
MT177938.1	0	0	0	0	0	0	0	0	0	0	0	0	0	0	0	5
AF444362.2	0	0	0	0	0	0	0	0	0	0	0	0	0	0	0	1
AB915387.1	0	0	0	0	0	0	0	0	0	0	0	0	0	0	0	1
JX134278.1	0	0	0	0	0	0	0	0	0	0	0	0	0	0	0	1
EF600979.1	0	0	0	0	0	0	0	0	0	0	0	0	0	0	0	3
LC175333.1	0	0	0	0	0	0	0	0	0	0	0	0	0	0	0	3
EU118665.1	0	0	0	0	0	0	0	0	0	0	0	0	0	0	0	2
MK909935.1	0	0	0	0	0	0	0	0	0	0	0	0	0	0	0	1
KM975421.1	0	0	0	0	0	0	0	0	0	0	0	0	0	0	0	1
KC585316.1	0	0	0	0	0	0	0	0	0	0	0	0	0	0	0	1
MW750241.1	0	0	0	0	0	0	0	0	0	0	0	0	0	0	0	2
KP004458.1	0	0	0	0	0	0	0	0	0	0	0	0	0	0	0	1
MK418793.1	0	0	0	0	0	0	0	0	0	0	0	0	0	0	0	2
KX820255.1	0	0	0	0	0	0	0	0	0	0	0	0	0	0	0	1
MZ637008.1	0	0	0	0	0	0	0	0	0	0	0	0	0	0	0	1
DQ340340.1	0	0	0	0	0	0	0	0	0	0	0	0	0	0	0	5
MK269226.1	0	0	0	0	0	0	0	0	0	0	0	0	0	0	0	2
MH697849.1	0	0	0	0	0	0	0	0	0	0	0	0	0	0	0	1
KY905674.1	0	0	0	0	0	0	0	0	0	0	0	0	0	0	0	1
KX228262.1	0	0	0	0	0	0	0	0	0	0	0	0	0	0	0	1
KX287332.1	0	0	0	0	0	0	0	0	0	0	0	0	0	0	0	1
AY818350.1	0	0	0	0	0	0	0	0	0	0	0	0	0	0	0	2
MZ636980.1	0	0	0	0	0	0	0	0	0	0	0	0	0	0	0	1
MH855783.1	0	0	0	0	0	0	0	0	0	0	0	0	0	0	0	1
KX287433.1	0	0	0	0	0	0	0	0	0	0	0	0	0	0	0	1
HQ728117.1	0	0	0	0	0	0	0	0	0	0	0	0	0	0	0	1
DQ991348.1	0	0	0	0	0	0	0	0	0	0	0	0	0	0	0	1
MF626362.1	0	0	0	0	0	0	0	0	0	0	0	0	0	0	0	1
HQ222028.1	0	0	0	0	0	0	0	0	0	0	0	0	0	0	0	1
MZ935640.1	0	0	0	0	0	0	0	0	0	0	0	0	0	0	0	1
KF568893.1	0	0	0	0	0	0	0	0	0	0	0	0	0	0	0	1
JN411116.1	0	0	0	0	0	0	0	0	0	0	0	0	0	0	0	1
